id,firstname,lastname,age,gender,username,company,email,phone,address,created_at,updated_at
1,Christian,Deackes,36,Genderqueer,cdeackes0,Eayo,cdeackes0@mit.edu,602-240-5463,53 Lakewood Plaza,11/30/2020,3/28/2021
2,Staford,Noice,27,Female,snoice1,Oyoloo,snoice1@si.edu,951-811-1800,18298 Crest Line Road,6/30/2021,7/14/2021
3,Bab,Gwilliam,25,Genderqueer,bgwilliam2,Fivechat,bgwilliam2@biblegateway.com,349-721-2217,64675 Roth Avenue,5/5/2021,8/26/2020
4,Marcelline,Dissman,75,Polygender,mdissman3,Vitz,mdissman3@yelp.com,165-498-3431,70 Shoshone Lane,9/2/2020,7/15/2021
5,Averil,Bauser,34,Agender,abauser4,Skynoodle,abauser4@google.es,793-628-5807,79450 Mayer Way,10/18/2020,7/25/2020
6,Clemente,Cunradi,54,Genderqueer,ccunradi5,Yacero,ccunradi5@ameblo.jp,127-203-9399,93674 Raven Park,7/8/2021,2/8/2021
7,Sollie,Player,50,Polygender,splayer6,Cogidoo,splayer6@shinystat.com,326-277-2754,6731 Laurel Plaza,1/30/2021,12/29/2020
8,Isacco,Linne,70,Genderqueer,ilinne7,Rooxo,ilinne7@ifeng.com,148-770-3689,69 Debs Point,2/6/2021,1/6/2021
9,Riva,Lambrook,87,Male,rlambrook8,Mudo,rlambrook8@nbcnews.com,275-497-3760,2 Paget Crossing,1/22/2021,8/23/2020
10,Tera,Creighton,64,Non-binary,tcreighton9,Ntag,tcreighton9@squarespace.com,154-497-7793,6519 Shelley Parkway,10/4/2020,10/27/2020
11,Goldie,Dany,88,Female,gdanya,Devcast,gdanya@berkeley.edu,954-161-7922,68 Drewry Plaza,3/28/2021,3/19/2021
12,Kial,Hamberstone,53,Male,khamberstoneb,Skipfire,khamberstoneb@yellowpages.com,896-244-3662,68425 Buell Point,10/11/2020,6/2/2021
13,Becka,Sicily,87,Genderfluid,bsicilyc,Podcat,bsicilyc@instagram.com,424-968-1135,566 Declaration Lane,6/22/2021,6/11/2021
14,Sibylle,Szwandt,78,Bigender,sszwandtd,Skippad,sszwandtd@dot.gov,336-896-5571,9629 Heath Pass,12/19/2020,9/26/2020
15,Robinetta,Kerner,56,Genderfluid,rkernere,Skyvu,rkernere@is.gd,287-322-6601,19506 Hoffman Terrace,10/18/2020,4/19/2021
16,Glen,Edmund,67,Agender,gedmundf,Riffpedia,gedmundf@geocities.jp,331-530-5055,5327 Porter Way,11/7/2020,5/11/2021
17,Dora,Ferrulli,86,Non-binary,dferrullig,Yodo,dferrullig@i2i.jp,260-100-9372,5110 Magdeline Circle,4/7/2021,2/10/2021
18,Ruthann,Peever,98,Bigender,rpeeverh,Zoovu,rpeeverh@artisteer.com,997-105-6993,03 Graedel Parkway,3/25/2021,11/9/2020
19,Winnie,Zuanelli,77,Male,wzuanellii,Roodel,wzuanellii@indiegogo.com,506-446-4417,3094 Dennis Street,4/2/2021,12/16/2020
20,Austina,Maclaine,49,Polygender,amaclainej,Jayo,amaclainej@comsenz.com,623-194-7352,45 7th Crossing,2/19/2021,6/1/2021
21,Neron,Bover,83,Non-binary,nboverk,Eazzy,nboverk@vistaprint.com,965-364-5293,070 Green Crossing,12/15/2020,2/26/2021
22,Rosamund,Chansonnau,49,Polygender,rchansonnaul,Oloo,rchansonnaul@infoseek.co.jp,566-280-8564,8 Michigan Terrace,3/11/2021,5/10/2021
23,Britni,Savill,43,Male,bsavillm,Snaptags,bsavillm@wix.com,174-272-6089,85 Scoville Way,6/22/2021,9/29/2020
24,Bryna,Malloch,72,Female,bmallochn,Jaxbean,bmallochn@prweb.com,732-212-8737,1 Gerald Park,11/21/2020,12/15/2020
25,Grover,Stuart,90,Genderfluid,gstuarto,Camido,gstuarto@diigo.com,260-835-6728,35 Warrior Parkway,7/10/2020,2/16/2021
26,Ken,Klimmek,54,Genderfluid,kklimmekp,Flipopia,kklimmekp@auda.org.au,805-277-3683,5559 Crest Line Pass,11/2/2020,6/25/2021
27,Durante,Woofenden,72,Female,dwoofendenq,Twitterbridge,dwoofendenq@sciencedaily.com,289-764-7557,1827 Hoard Park,4/3/2021,4/16/2021
28,Doralynne,Yurinov,59,Genderqueer,dyurinovr,Jaloo,dyurinovr@zimbio.com,736-493-3384,3 Paget Terrace,9/1/2020,2/16/2021
29,Allix,Whelan,79,Female,awhelans,Thoughtstorm,awhelans@jalbum.net,314-637-2279,02 Oriole Pass,5/30/2021,11/21/2020
30,Kania,Kimbury,65,Male,kkimburyt,Livetube,kkimburyt@yandex.ru,617-737-9535,2 Trailsway Junction,7/15/2020,3/16/2021
31,Fletcher,Lindeboom,96,Agender,flindeboomu,Babblestorm,flindeboomu@acquirethisname.com,840-942-5028,0 Graceland Trail,2/7/2021,1/26/2021
32,Baryram,Dilley,63,Genderqueer,bdilleyv,Blogtags,bdilleyv@princeton.edu,868-518-7832,27 Corry Point,8/15/2020,6/6/2021
33,Nerti,Khomich,74,Female,nkhomichw,Trudeo,nkhomichw@icq.com,320-885-3914,538 Ryan Alley,1/20/2021,9/2/2020
34,Dulcinea,Fuggle,99,Male,dfugglex,Quinu,dfugglex@drupal.org,394-182-2405,7 Red Cloud Avenue,2/27/2021,9/23/2020
35,Darbie,Gusticke,71,Agender,dgustickey,Brightbean,dgustickey@earthlink.net,532-203-7897,11 Marcy Place,2/18/2021,10/5/2020
36,Angeli,Kinzett,93,Non-binary,akinzettz,Yadel,akinzettz@facebook.com,817-895-1921,1379 Bartillon Pass,10/13/2020,6/27/2021
37,Aggy,Haverty,97,Bigender,ahaverty10,Yadel,ahaverty10@hhs.gov,174-399-5750,25 Nevada Park,8/7/2020,4/2/2021
38,Jemmie,Mansell,98,Genderfluid,jmansell11,Meeveo,jmansell11@theglobeandmail.com,166-102-7477,4682 Donald Circle,4/17/2021,2/26/2021
39,Denys,Applewhite,61,Genderfluid,dapplewhite12,Livepath,dapplewhite12@themeforest.net,940-329-1313,33 Muir Way,12/1/2020,8/14/2020
40,Emmye,Fielders,49,Agender,efielders13,Kimia,efielders13@delicious.com,860-308-4579,75 Warbler Center,2/16/2021,8/26/2020
41,Netty,Bonfield,71,Genderqueer,nbonfield14,Wikivu,nbonfield14@weibo.com,100-131-8447,36 Oakridge Parkway,7/30/2020,12/4/2020
42,Danni,Arnowicz,67,Genderqueer,darnowicz15,Demimbu,darnowicz15@apple.com,199-638-3650,17 Oak Lane,8/20/2020,3/28/2021
43,Pauline,Sidsaff,26,Female,psidsaff16,Eire,psidsaff16@vinaora.com,991-381-8734,761 Veith Terrace,10/26/2020,1/29/2021
44,Germayne,Hallifax,61,Genderfluid,ghallifax17,Meevee,ghallifax17@php.net,167-330-7870,66 Leroy Place,9/28/2020,2/6/2021
45,Nicky,Nipper,94,Agender,nnipper18,Blogtags,nnipper18@weebly.com,285-446-0534,02960 Mosinee Terrace,3/20/2021,6/10/2021
46,Kelli,Ortas,84,Non-binary,kortas19,Aimbo,kortas19@so-net.ne.jp,366-137-0070,355 Schurz Junction,8/23/2020,4/10/2021
47,Hyacinth,Pashby,77,Bigender,hpashby1a,Mynte,hpashby1a@nifty.com,589-578-4896,103 Commercial Junction,3/13/2021,6/17/2021
48,Carolann,Merrywether,68,Genderqueer,cmerrywether1b,Yodo,cmerrywether1b@about.com,743-838-8259,94500 Arrowood Circle,6/3/2021,1/23/2021
49,Rochette,Thaxton,88,Polygender,rthaxton1c,Realfire,rthaxton1c@google.co.jp,424-181-0917,65197 Maryland Parkway,7/29/2020,1/13/2021
50,Del,Hunn,98,Male,dhunn1d,Edgeblab,dhunn1d@infoseek.co.jp,251-338-1444,47 Springs Trail,2/18/2021,6/8/2021
51,Shani,Raynor,60,Genderfluid,sraynor1e,Fadeo,sraynor1e@cpanel.net,725-935-8130,13 Lakewood Gardens Trail,4/16/2021,5/27/2021
52,Edna,Cullum,50,Genderfluid,ecullum1f,Gigashots,ecullum1f@taobao.com,507-225-2294,14 Saint Paul Lane,10/31/2020,5/12/2021
53,Hugibert,Prandoni,55,Agender,hprandoni1g,Livetube,hprandoni1g@nps.gov,484-871-3060,9 Butterfield Parkway,8/16/2020,4/25/2021
54,Elenore,Radage,65,Male,eradage1h,Skalith,eradage1h@dell.com,116-335-4618,778 Blue Bill Park Plaza,9/26/2020,12/1/2020
55,Sarena,Leonardi,89,Bigender,sleonardi1i,Meejo,sleonardi1i@smh.com.au,154-904-9331,206 Burning Wood Hill,8/19/2020,6/7/2021
56,Saree,McAtamney,28,Genderfluid,smcatamney1j,Flashpoint,smcatamney1j@artisteer.com,840-282-8800,0 Sunbrook Plaza,11/8/2020,1/26/2021
57,Almira,Johannesson,52,Female,ajohannesson1k,Livetube,ajohannesson1k@google.de,290-341-5370,0324 Independence Center,4/30/2021,3/25/2021
58,Gonzales,Horsey,38,Non-binary,ghorsey1l,Topiclounge,ghorsey1l@npr.org,587-148-3433,4749 Golf Trail,3/21/2021,6/30/2021
59,Tim,Wooder,84,Genderqueer,twooder1m,Blogtags,twooder1m@yellowbook.com,101-915-8191,05 Pine View Street,7/20/2020,10/9/2020
60,Kalle,Reany,64,Female,kreany1n,Edgeify,kreany1n@multiply.com,701-625-8201,6427 Bultman Alley,4/30/2021,3/22/2021
61,Maury,Reolfo,95,Non-binary,mreolfo1o,Oloo,mreolfo1o@weather.com,444-837-9405,939 Judy Junction,1/8/2021,5/22/2021
62,Davie,Vasilevich,38,Non-binary,dvasilevich1p,Camido,dvasilevich1p@cnet.com,498-982-0172,90721 Lighthouse Bay Point,1/4/2021,10/8/2020
63,Camel,Prester,43,Female,cprester1q,Tavu,cprester1q@seesaa.net,497-812-2705,57 Marquette Street,11/30/2020,1/11/2021
64,Bernetta,Dufton,57,Male,bdufton1r,Skippad,bdufton1r@xing.com,272-113-5886,084 Nobel Court,9/20/2020,12/19/2020
65,Jessalyn,Layson,53,Non-binary,jlayson1s,Yakitri,jlayson1s@soundcloud.com,820-525-1082,6543 Bowman Way,4/11/2021,8/16/2020
66,Sheppard,Mc Kellen,43,Polygender,smckellen1t,Devpulse,smckellen1t@bigcartel.com,414-734-8321,35393 Sachs Lane,8/10/2020,3/19/2021
67,Giffard,Snary,91,Bigender,gsnary1u,Quatz,gsnary1u@phoca.cz,928-434-2291,5264 Stoughton Drive,2/14/2021,12/15/2020
68,Jed,Katt,69,Male,jkatt1v,Voolia,jkatt1v@unesco.org,864-597-2869,491 Boyd Way,5/7/2021,9/5/2020
69,Taddeo,Wince,50,Polygender,twince1w,Brainlounge,twince1w@goo.gl,221-922-9820,7399 Mcbride Plaza,2/27/2021,3/8/2021
70,Garreth,Kemball,40,Non-binary,gkemball1x,Oozz,gkemball1x@lycos.com,278-583-9814,52761 Gateway Parkway,8/19/2020,12/5/2020
71,Lissa,Hawkeridge,29,Non-binary,lhawkeridge1y,Buzzbean,lhawkeridge1y@dion.ne.jp,453-695-0633,0 Judy Alley,9/14/2020,3/11/2021
72,Deni,Ridolfi,75,Male,dridolfi1z,Fiveclub,dridolfi1z@salon.com,593-528-4062,91745 Summerview Terrace,4/25/2021,7/21/2020
73,Erna,Simak,88,Male,esimak20,Reallinks,esimak20@phoca.cz,130-345-3691,2395 Lawn Drive,3/21/2021,4/13/2021
74,Kimbell,Griffiths,66,Genderqueer,kgriffiths21,Linkbuzz,kgriffiths21@chicagotribune.com,645-572-0356,2 Muir Circle,1/8/2021,5/12/2021
75,Agnesse,Mylchreest,26,Polygender,amylchreest22,Rooxo,amylchreest22@wikia.com,821-796-2795,7 Walton Drive,8/7/2020,10/15/2020
76,Vin,Licari,35,Polygender,vlicari23,Cogidoo,vlicari23@ocn.ne.jp,860-719-1049,96 Thierer Way,7/20/2020,12/19/2020
77,Erick,Iskowitz,84,Male,eiskowitz24,Eamia,eiskowitz24@flavors.me,688-635-9280,580 Clove Pass,7/27/2020,4/6/2021
78,Leann,Strodder,75,Polygender,lstrodder25,Shufflester,lstrodder25@reuters.com,761-466-4734,5 Artisan Way,10/9/2020,4/28/2021
79,Elfrida,Askew,80,Non-binary,easkew26,Katz,easkew26@unesco.org,926-451-6649,0 Maywood Avenue,10/30/2020,10/3/2020
80,Merrily,Beggan,25,Agender,mbeggan27,Gabspot,mbeggan27@meetup.com,203-252-7696,3 Oxford Court,3/4/2021,5/18/2021
81,Richy,Machin,56,Bigender,rmachin28,Kaymbo,rmachin28@businesswire.com,268-326-0584,5482 Scott Road,1/12/2021,6/21/2021
82,Wernher,Sangar,91,Genderfluid,wsangar29,Twinte,wsangar29@paypal.com,609-554-3662,86 Badeau Street,10/11/2020,10/6/2020
83,Angela,Croley,35,Genderfluid,acroley2a,Edgewire,acroley2a@istockphoto.com,580-517-9855,55064 Dovetail Avenue,12/20/2020,9/19/2020
84,Oswald,Kasbye,68,Genderfluid,okasbye2b,Zooveo,okasbye2b@marketwatch.com,808-710-1092,4 Saint Paul Lane,2/28/2021,12/27/2020
85,Michell,Flacknell,96,Male,mflacknell2c,Babbleblab,mflacknell2c@theguardian.com,317-927-8624,707 Ruskin Street,5/31/2021,5/10/2021
86,Elmore,Durtnal,77,Polygender,edurtnal2d,Browsebug,edurtnal2d@howstuffworks.com,260-186-4795,06 Ryan Junction,6/24/2021,7/6/2021
87,Marco,Dofty,63,Non-binary,mdofty2e,Gabtype,mdofty2e@wordpress.com,856-949-9740,43 Knutson Hill,8/24/2020,12/23/2020
88,Nikolaos,Krauss,56,Genderfluid,nkrauss2f,Babbleset,nkrauss2f@so-net.ne.jp,352-195-0208,092 Hoffman Pass,1/31/2021,9/6/2020
89,Ellwood,Ary,84,Male,eary2g,Zoombeat,eary2g@buzzfeed.com,346-285-1455,38 Anthes Hill,10/20/2020,11/14/2020
90,Cyrill,Packer,53,Genderqueer,cpacker2h,Jabbersphere,cpacker2h@dmoz.org,459-338-1418,4687 Meadow Valley Avenue,6/19/2021,9/13/2020
91,Ami,Van Vuuren,68,Polygender,avanvuuren2i,Latz,avanvuuren2i@slashdot.org,700-601-0311,02824 Lillian Circle,9/27/2020,2/9/2021
92,Hannah,Bazell,43,Bigender,hbazell2j,Voonyx,hbazell2j@hc360.com,139-503-7576,7 Leroy Terrace,11/23/2020,6/17/2021
93,Munmro,Drogan,53,Polygender,mdrogan2k,Thoughtstorm,mdrogan2k@prweb.com,257-288-7988,04 Prentice Court,10/27/2020,4/30/2021
94,Philomena,Ambroz,28,Bigender,pambroz2l,Tazzy,pambroz2l@domainmarket.com,503-567-7154,4 Sunfield Street,1/2/2021,10/6/2020
95,Keane,Gittoes,28,Bigender,kgittoes2m,Dazzlesphere,kgittoes2m@de.vu,120-661-1096,6122 Coleman Point,12/14/2020,2/21/2021
96,Val,Hayter,98,Agender,vhayter2n,Rhynyx,vhayter2n@unesco.org,155-339-9727,6604 Bunting Center,9/9/2020,8/13/2020
97,Rebbecca,Belliard,61,Agender,rbelliard2o,Skajo,rbelliard2o@nationalgeographic.com,166-213-4288,95763 Buhler Court,1/5/2021,1/10/2021
98,Cordelie,Garrud,50,Polygender,cgarrud2p,InnoZ,cgarrud2p@timesonline.co.uk,130-105-9360,7684 Beilfuss Street,12/31/2020,5/29/2021
99,Rex,Lilleman,91,Polygender,rlilleman2q,Fivechat,rlilleman2q@issuu.com,431-667-2047,0323 Prentice Crossing,1/25/2021,6/2/2021
100,Alexandr,Woodes,56,Genderfluid,awoodes2r,Mynte,awoodes2r@hostgator.com,344-373-3522,58125 Melby Park,10/25/2020,10/18/2020
101,Noel,Antoszczyk,74,Genderfluid,nantoszczyk2s,Fivespan,nantoszczyk2s@sourceforge.net,851-510-8588,2 Raven Park,5/27/2021,8/8/2020
102,Cristina,Kynvin,80,Non-binary,ckynvin2t,Nlounge,ckynvin2t@plala.or.jp,334-626-8096,1971 Scott Pass,6/14/2021,1/7/2021
103,Margaux,Devorill,88,Bigender,mdevorill2u,Teklist,mdevorill2u@washingtonpost.com,679-893-9854,4 Kings Junction,11/29/2020,1/2/2021
104,Karilynn,Goward,32,Male,kgoward2v,Tagcat,kgoward2v@home.pl,536-875-9832,64431 Bonner Circle,6/30/2021,4/30/2021
105,Joceline,Cockarill,34,Agender,jcockarill2w,Jaxspan,jcockarill2w@ted.com,574-601-7744,479 Coolidge Avenue,10/23/2020,3/15/2021
106,Auria,Frearson,91,Female,afrearson2x,Jazzy,afrearson2x@bandcamp.com,263-117-9595,1273 Dahle Center,5/31/2021,5/9/2021
107,Bernadine,Masser,96,Non-binary,bmasser2y,Gabtune,bmasser2y@prnewswire.com,544-397-6958,22132 Montana Avenue,5/24/2021,9/1/2020
108,Kailey,Gentle,77,Non-binary,kgentle2z,Yambee,kgentle2z@mayoclinic.com,682-512-6516,61519 Pankratz Court,12/31/2020,11/3/2020
109,Reina,Bettam,82,Non-binary,rbettam30,Flipstorm,rbettam30@google.ru,138-705-3938,9816 Petterle Alley,4/6/2021,6/30/2021
110,Mandel,Cashford,84,Polygender,mcashford31,Realcube,mcashford31@dion.ne.jp,402-921-6467,79159 Fulton Parkway,3/15/2021,8/5/2020
111,Egon,McAuley,61,Male,emcauley32,Realbuzz,emcauley32@photobucket.com,326-525-5119,636 Kim Road,2/7/2021,10/27/2020
112,Woodman,Laste,82,Bigender,wlaste33,Avaveo,wlaste33@earthlink.net,860-986-0421,61 Rowland Avenue,6/6/2021,10/24/2020
113,Annamaria,Chaudhry,96,Agender,achaudhry34,Realbridge,achaudhry34@moonfruit.com,147-905-4673,2025 Browning Crossing,3/8/2021,6/3/2021
114,Emmie,Edgeson,68,Female,eedgeson35,Eayo,eedgeson35@dyndns.org,798-726-1511,370 Westend Avenue,6/9/2021,8/24/2020
115,Edithe,Ladson,92,Male,eladson36,Jazzy,eladson36@mayoclinic.com,244-196-9348,80843 Hollow Ridge Avenue,1/7/2021,4/16/2021
116,Ines,Sayse,34,Bigender,isayse37,Ainyx,isayse37@cbslocal.com,892-321-5156,0872 Northland Center,9/4/2020,11/22/2020
117,Craggie,Yearron,96,Non-binary,cyearron38,Babbleset,cyearron38@scribd.com,443-797-7090,00 David Place,12/14/2020,4/2/2021
118,Hannis,McIlwaine,25,Agender,hmcilwaine39,Kaymbo,hmcilwaine39@cafepress.com,553-453-6429,630 Stuart Crossing,7/17/2021,3/14/2021
119,Joseito,Melarkey,74,Genderqueer,jmelarkey3a,Flashset,jmelarkey3a@amazonaws.com,649-782-7838,345 Delaware Alley,5/17/2021,10/1/2020
120,Frances,Meek,51,Non-binary,fmeek3b,Kayveo,fmeek3b@mtv.com,468-665-2055,1 Vermont Center,6/1/2021,10/17/2020
121,Melania,Jarlmann,65,Female,mjarlmann3c,Linkbuzz,mjarlmann3c@typepad.com,203-646-5191,85 Drewry Place,10/8/2020,1/7/2021
122,Nicola,McPeck,57,Female,nmcpeck3d,Feednation,nmcpeck3d@paginegialle.it,650-904-6634,60 Johnson Junction,10/14/2020,4/26/2021
123,Brianne,Maltman,30,Bigender,bmaltman3e,Jaloo,bmaltman3e@earthlink.net,391-538-4309,34997 Loomis Way,8/23/2020,1/10/2021
124,Corena,Connealy,53,Non-binary,cconnealy3f,Bubblemix,cconnealy3f@prweb.com,286-542-3554,312 Marquette Avenue,6/28/2021,7/10/2021
125,Stacy,Brookwood,26,Genderfluid,sbrookwood3g,Brightbean,sbrookwood3g@ftc.gov,733-757-8036,90 Brentwood Crossing,6/17/2021,5/11/2021
126,Townsend,Gwilliam,51,Polygender,tgwilliam3h,Zoombox,tgwilliam3h@addthis.com,298-691-2686,35414 Delaware Terrace,9/22/2020,12/8/2020
127,Sherwin,Bedome,76,Male,sbedome3i,Ozu,sbedome3i@facebook.com,298-724-9887,39 Brickson Park Place,4/14/2021,4/25/2021
128,Shamus,Cuthbertson,43,Non-binary,scuthbertson3j,Fiveclub,scuthbertson3j@live.com,558-499-4477,222 Redwing Circle,6/11/2021,10/4/2020
129,Ade,Nother,94,Female,another3k,Riffpath,another3k@edublogs.org,989-453-9725,447 Thompson Way,11/5/2020,1/17/2021
130,Eula,Parkes,64,Male,eparkes3l,Twiyo,eparkes3l@geocities.jp,926-250-7157,8576 Atwood Trail,1/4/2021,11/11/2020
131,Olva,Matieu,32,Bigender,omatieu3m,Minyx,omatieu3m@microsoft.com,458-674-0720,37 Carberry Street,1/17/2021,3/18/2021
132,Angeline,Jone,61,Male,ajone3n,Topiczoom,ajone3n@aol.com,624-357-6291,5961 Monument Hill,4/30/2021,7/19/2020
133,Urbanus,Seaman,61,Non-binary,useaman3o,Wordify,useaman3o@jiathis.com,852-296-3761,43233 Evergreen Point,9/1/2020,8/17/2020
134,Zachariah,Blastock,91,Polygender,zblastock3p,Wikibox,zblastock3p@yahoo.com,728-326-6337,07 Lakeland Drive,6/15/2021,4/1/2021
135,Georgiana,Nisby,90,Non-binary,gnisby3q,Leenti,gnisby3q@ning.com,829-471-5852,9463 Kensington Park,2/12/2021,7/5/2021
136,Rheba,Biaggelli,56,Agender,rbiaggelli3r,Vidoo,rbiaggelli3r@howstuffworks.com,593-600-5764,29 Ludington Junction,11/1/2020,6/26/2021
137,Sibel,Smeath,47,Female,ssmeath3s,Brainverse,ssmeath3s@google.com,400-199-1197,503 Vernon Way,10/29/2020,9/17/2020
138,Patience,Coomer,65,Agender,pcoomer3t,Tazzy,pcoomer3t@deviantart.com,554-359-9137,962 Moulton Plaza,5/3/2021,3/6/2021
139,Trumann,Houndesome,67,Non-binary,thoundesome3u,Gigazoom,thoundesome3u@mediafire.com,916-923-3798,5 Golden Leaf Center,7/30/2020,1/7/2021
140,Kimmie,Slark,33,Non-binary,kslark3v,Miboo,kslark3v@walmart.com,301-345-6991,0106 Darwin Street,8/25/2020,10/20/2020
141,Consalve,Bartolomeazzi,98,Genderfluid,cbartolomeazzi3w,Youfeed,cbartolomeazzi3w@mail.ru,425-362-5181,42006 Thackeray Place,12/13/2020,3/11/2021
142,Wash,Fry,76,Genderqueer,wfry3x,Quatz,wfry3x@auda.org.au,809-527-0398,74072 Pierstorff Place,5/26/2021,1/6/2021
143,Raeann,Zimek,46,Agender,rzimek3y,Roombo,rzimek3y@sitemeter.com,706-246-9630,7885 Sunfield Trail,4/5/2021,7/21/2020
144,Gavrielle,Croneen,64,Bigender,gcroneen3z,Yata,gcroneen3z@reverbnation.com,852-665-4958,9 Elgar Road,7/19/2020,9/12/2020
145,Felice,Britee,93,Non-binary,fbritee40,Blogspan,fbritee40@upenn.edu,193-374-7255,5 Shopko Road,10/23/2020,11/2/2020
146,Tedie,Giannazzo,58,Genderfluid,tgiannazzo41,Twitternation,tgiannazzo41@army.mil,947-445-8863,330 Grim Hill,5/17/2021,10/1/2020
147,Cinderella,Gagie,72,Polygender,cgagie42,Browsedrive,cgagie42@sfgate.com,219-396-8606,30502 Scofield Drive,1/27/2021,7/24/2020
148,Fredrick,Luffman,50,Genderfluid,fluffman43,Blognation,fluffman43@intel.com,700-250-4200,3 Kedzie Road,8/5/2020,12/16/2020
149,Burg,Clemon,41,Female,bclemon44,Midel,bclemon44@geocities.com,635-555-0265,80 Mendota Drive,3/16/2021,12/20/2020
150,Berne,Torbett,68,Non-binary,btorbett45,Blogtags,btorbett45@123-reg.co.uk,916-199-0797,022 Dakota Park,9/30/2020,2/28/2021
151,Anatollo,Iapico,69,Male,aiapico46,Skimia,aiapico46@squarespace.com,893-635-6138,57221 Acker Junction,12/17/2020,11/17/2020
152,Nadya,Tackell,75,Bigender,ntackell47,Abata,ntackell47@ameblo.jp,755-472-9502,23 Talmadge Junction,7/6/2021,7/12/2021
153,Katee,Whebell,46,Bigender,kwhebell48,Zooxo,kwhebell48@ustream.tv,868-187-2312,9 Corscot Avenue,1/22/2021,12/29/2020
154,Ilyssa,Vida,46,Genderfluid,ivida49,Topicblab,ivida49@shutterfly.com,231-482-8158,14 Northport Hill,11/21/2020,3/6/2021
155,Evanne,Kording,50,Bigender,ekording4a,Jaxworks,ekording4a@so-net.ne.jp,869-714-7524,71 Schurz Point,10/18/2020,5/8/2021
156,Justinn,Lockhart,32,Female,jlockhart4b,Skinix,jlockhart4b@latimes.com,416-414-5372,943 Gateway Parkway,9/19/2020,7/1/2021
157,Sophronia,Dunckley,44,Agender,sdunckley4c,Npath,sdunckley4c@tinypic.com,761-378-2888,5 Grover Drive,5/7/2021,12/30/2020
158,Elsworth,Farrent,33,Genderfluid,efarrent4d,Devpulse,efarrent4d@epa.gov,382-969-0541,1660 Miller Alley,9/25/2020,3/19/2021
159,Oralla,Withringten,89,Female,owithringten4e,Dabjam,owithringten4e@theatlantic.com,923-775-0150,5 Butterfield Lane,1/1/2021,11/16/2020
160,Rahal,Gareisr,54,Genderqueer,rgareisr4f,Dazzlesphere,rgareisr4f@yahoo.co.jp,356-409-1040,664 Gina Avenue,8/11/2020,8/16/2020
161,Alecia,Smedmore,60,Non-binary,asmedmore4g,Fivechat,asmedmore4g@elpais.com,406-302-5838,4075 Golden Leaf Terrace,12/3/2020,8/8/2020
162,Hedvige,Heeley,90,Bigender,hheeley4h,Eayo,hheeley4h@taobao.com,997-867-4821,99439 Cherokee Lane,2/25/2021,3/30/2021
163,Meade,Balaam,97,Genderqueer,mbalaam4i,Kimia,mbalaam4i@wisc.edu,316-520-8377,921 Rigney Plaza,8/28/2020,5/28/2021
164,Bonnie,Wolstenholme,50,Non-binary,bwolstenholme4j,Demimbu,bwolstenholme4j@ehow.com,590-983-3932,795 Derek Circle,8/19/2020,9/19/2020
165,Raimondo,Filyaev,40,Agender,rfilyaev4k,Tazz,rfilyaev4k@amazon.co.uk,592-438-6627,87 Eastwood Way,12/26/2020,3/11/2021
166,Reuben,McGeachy,88,Genderqueer,rmcgeachy4l,Agimba,rmcgeachy4l@cafepress.com,564-765-6168,81 Green Ridge Road,7/29/2020,5/6/2021
167,Nicholas,Pietesch,89,Bigender,npietesch4m,Meevee,npietesch4m@mediafire.com,240-225-1811,95141 Nevada Avenue,11/15/2020,9/3/2020
168,Tammy,Chittie,45,Female,tchittie4n,Demivee,tchittie4n@i2i.jp,856-713-3276,49994 Rutledge Hill,1/18/2021,7/16/2021
169,Eadmund,Balmadier,44,Polygender,ebalmadier4o,Gevee,ebalmadier4o@blinklist.com,907-663-3179,58143 Mesta Pass,7/3/2021,5/6/2021
170,Dennet,Lowthorpe,89,Agender,dlowthorpe4p,Photolist,dlowthorpe4p@hhs.gov,956-455-8250,80478 Hauk Street,1/22/2021,9/16/2020
171,Evin,Sollis,87,Genderqueer,esollis4q,Jayo,esollis4q@flavors.me,767-178-9226,0203 Logan Circle,2/4/2021,2/7/2021
172,Northrop,Klimowski,67,Male,nklimowski4r,Devshare,nklimowski4r@wordpress.org,354-767-9075,0763 Mcguire Circle,4/21/2021,8/26/2020
173,Jemmie,Ahrens,35,Bigender,jahrens4s,Rhynyx,jahrens4s@t-online.de,282-743-0053,9 Hazelcrest Avenue,7/4/2021,10/14/2020
174,Marlon,Katte,39,Bigender,mkatte4t,Brightbean,mkatte4t@mozilla.com,656-243-8981,34502 Montana Alley,6/6/2021,9/28/2020
175,Lizabeth,Tolworthy,88,Female,ltolworthy4u,Wordware,ltolworthy4u@ucla.edu,105-387-0589,7762 Shopko Street,4/1/2021,9/8/2020
176,Gradey,Zoellner,69,Polygender,gzoellner4v,Oyoyo,gzoellner4v@cocolog-nifty.com,434-214-6529,71 David Lane,3/20/2021,5/21/2021
177,Vaughn,Lavers,59,Bigender,vlavers4w,Devshare,vlavers4w@salon.com,294-831-2016,0 Messerschmidt Parkway,4/2/2021,11/21/2020
178,Farley,Sutherns,45,Genderqueer,fsutherns4x,Podcat,fsutherns4x@deliciousdays.com,677-119-2405,19551 Namekagon Plaza,1/30/2021,9/6/2020
179,Tiffanie,Manby,42,Genderfluid,tmanby4y,Topicstorm,tmanby4y@slashdot.org,581-934-4938,9 Menomonie Road,1/4/2021,7/13/2021
180,Alexandros,Matthewson,65,Agender,amatthewson4z,Gabtype,amatthewson4z@devhub.com,658-589-1874,70 2nd Way,2/14/2021,2/8/2021
181,Estrellita,Underhill,83,Genderfluid,eunderhill50,Wikizz,eunderhill50@dropbox.com,432-730-9464,60 Superior Circle,5/17/2021,1/7/2021
182,Xerxes,McIsaac,96,Bigender,xmcisaac51,Zoonoodle,xmcisaac51@angelfire.com,227-403-1291,8 Mifflin Point,9/9/2020,2/21/2021
183,Marcile,Bignal,34,Male,mbignal52,Devify,mbignal52@blinklist.com,978-675-2414,05 Pond Point,11/7/2020,1/7/2021
184,Willie,Ferguson,74,Agender,wferguson53,Flashpoint,wferguson53@plala.or.jp,456-727-9002,8849 Kingsford Terrace,5/18/2021,12/21/2020
185,Joanie,Antonoczyk,83,Agender,jantonoczyk54,Zoombox,jantonoczyk54@ibm.com,223-710-1456,55 Merchant Avenue,5/8/2021,3/7/2021
186,Dare,Munson,47,Bigender,dmunson55,Trupe,dmunson55@indiegogo.com,511-208-4578,17731 Thierer Lane,6/10/2021,6/21/2021
187,Garold,Filkov,85,Female,gfilkov56,Pixope,gfilkov56@fotki.com,976-846-2160,8 Morningstar Hill,12/22/2020,2/28/2021
188,Germayne,Ketton,51,Male,gketton57,Oozz,gketton57@geocities.jp,475-794-5895,8035 Havey Hill,3/5/2021,11/15/2020
189,Natala,Leyre,64,Genderfluid,nleyre58,Minyx,nleyre58@ning.com,392-485-6644,5 Hovde Way,3/8/2021,2/26/2021
190,Brianne,Ploughwright,46,Genderqueer,bploughwright59,Voolia,bploughwright59@behance.net,993-176-6809,4 Express Pass,11/9/2020,6/1/2021
191,Lemmy,Rupprecht,35,Bigender,lrupprecht5a,Aibox,lrupprecht5a@cam.ac.uk,281-838-1182,06489 Hoffman Terrace,8/29/2020,9/11/2020
192,Arley,Rookesby,97,Agender,arookesby5b,Devify,arookesby5b@pagesperso-orange.fr,354-484-2424,17028 Texas Court,5/23/2021,9/9/2020
193,Luigi,Land,39,Genderfluid,lland5c,Agivu,lland5c@ezinearticles.com,431-645-4348,01 Forster Terrace,9/14/2020,7/7/2021
194,Paule,Lavrinov,58,Bigender,plavrinov5d,Yabox,plavrinov5d@howstuffworks.com,703-681-4272,19422 Eagan Court,3/5/2021,1/7/2021
195,Danya,Allcoat,80,Male,dallcoat5e,Roodel,dallcoat5e@intel.com,440-351-5678,43 Arrowood Pass,11/4/2020,5/24/2021
196,Moishe,Olenchenko,74,Non-binary,molenchenko5f,Abatz,molenchenko5f@furl.net,871-800-3108,38 Dakota Trail,4/2/2021,1/10/2021
197,Genna,Bumfrey,85,Female,gbumfrey5g,Voonyx,gbumfrey5g@ted.com,553-104-5038,9573 Hayes Center,8/21/2020,10/1/2020
198,Cyrus,Rosensaft,65,Male,crosensaft5h,Muxo,crosensaft5h@ed.gov,178-192-1333,9 Ilene Junction,3/17/2021,1/29/2021
199,Suzy,Vakhlov,45,Polygender,svakhlov5i,Zoonder,svakhlov5i@abc.net.au,598-799-8552,3889 Ridge Oak Pass,8/26/2020,2/8/2021
200,Preston,Timny,71,Genderqueer,ptimny5j,Brightbean,ptimny5j@msn.com,382-819-5175,1 Darwin Circle,11/27/2020,4/20/2021
201,Jeannie,Beacon,56,Bigender,jbeacon5k,Talane,jbeacon5k@comsenz.com,597-873-9523,989 Glendale Pass,10/19/2020,2/12/2021
202,Hermia,Valentine,90,Female,hvalentine5l,Dynava,hvalentine5l@imageshack.us,859-721-7957,0785 Beilfuss Trail,3/17/2021,5/3/2021
203,Mozes,Curro,92,Male,mcurro5m,Riffpath,mcurro5m@etsy.com,981-403-5790,43149 Dexter Drive,1/28/2021,2/16/2021
204,Sheri,Gonzales,52,Male,sgonzales5n,Cogidoo,sgonzales5n@phpbb.com,330-578-5623,81 Ohio Lane,2/17/2021,8/12/2020
205,Chastity,Ancliffe,93,Polygender,cancliffe5o,Oloo,cancliffe5o@yelp.com,206-289-2382,3 Forest Way,10/14/2020,11/3/2020
206,Kayley,Dolby,80,Genderqueer,kdolby5p,Photobug,kdolby5p@netvibes.com,785-348-5534,634 Nobel Pass,5/8/2021,9/25/2020
207,Phillida,Goodoune,89,Non-binary,pgoodoune5q,Fliptune,pgoodoune5q@go.com,834-915-2254,7 Northfield Center,3/27/2021,7/29/2020
208,Mildrid,Basili,52,Genderfluid,mbasili5r,Photolist,mbasili5r@nsw.gov.au,582-733-2671,43 Lakewood Gardens Lane,1/10/2021,3/9/2021
209,Bordy,Southern,90,Genderfluid,bsouthern5s,Meevee,bsouthern5s@auda.org.au,551-949-9666,46940 Canary Point,2/21/2021,4/23/2021
210,Sula,Peach,46,Genderfluid,speach5t,Eabox,speach5t@mlb.com,272-768-5110,1 Buhler Park,12/17/2020,11/14/2020
211,Hillard,Ruggen,45,Agender,hruggen5u,BlogXS,hruggen5u@elpais.com,116-352-2524,48542 Redwing Point,10/2/2020,6/26/2021
212,Gweneth,Cafferty,84,Genderfluid,gcafferty5v,Skidoo,gcafferty5v@google.it,428-241-5280,090 Claremont Way,2/12/2021,7/6/2021
213,Maryanne,Ferenc,30,Female,mferenc5w,Gevee,mferenc5w@goo.ne.jp,298-703-0349,13399 Butterfield Crossing,3/20/2021,9/17/2020
214,Axe,Crampin,82,Non-binary,acrampin5x,Skippad,acrampin5x@creativecommons.org,960-884-5447,01 Kenwood Trail,2/5/2021,10/26/2020
215,Steven,Byham,76,Male,sbyham5y,Quire,sbyham5y@time.com,186-419-3753,707 Warrior Court,4/23/2021,11/21/2020
216,Leonie,Bruggen,82,Female,lbruggen5z,Skimia,lbruggen5z@wordpress.org,962-186-1312,9 3rd Terrace,6/2/2021,5/1/2021
217,Ramonda,Whacket,48,Polygender,rwhacket60,Realfire,rwhacket60@artisteer.com,638-974-7984,47378 Cherokee Lane,6/8/2021,9/20/2020
218,Sibbie,Hatzar,87,Non-binary,shatzar61,DabZ,shatzar61@weebly.com,365-849-5302,7266 Rowland Avenue,10/13/2020,5/30/2021
219,Mitchel,Kettridge,42,Male,mkettridge62,Blognation,mkettridge62@npr.org,217-679-1217,6 Iowa Lane,6/18/2021,6/16/2021
220,Saidee,Thorwarth,63,Bigender,sthorwarth63,Kwimbee,sthorwarth63@earthlink.net,977-634-9735,2 2nd Way,11/27/2020,11/4/2020
221,Lazaro,Lauxmann,46,Genderqueer,llauxmann64,Kwinu,llauxmann64@xing.com,109-744-0165,19940 Quincy Point,10/2/2020,10/7/2020
222,Matthaeus,Westcarr,88,Female,mwestcarr65,Teklist,mwestcarr65@mapy.cz,569-103-5586,44 Thompson Trail,1/6/2021,3/18/2021
223,Ruthanne,MacKettrick,51,Male,rmackettrick66,Rhynyx,rmackettrick66@desdev.cn,942-218-6401,64043 Westerfield Road,11/15/2020,2/13/2021
224,Martyn,McRobb,99,Female,mmcrobb67,Devcast,mmcrobb67@intel.com,325-214-1926,21678 Pine View Crossing,4/14/2021,11/19/2020
225,Bendite,Quare,40,Bigender,bquare68,Demivee,bquare68@fda.gov,753-983-1711,5718 International Drive,12/19/2020,5/8/2021
226,Elga,Cabedo,80,Male,ecabedo69,Mydo,ecabedo69@yelp.com,389-598-8770,3 Mesta Court,12/24/2020,6/6/2021
227,Ashly,Skep,32,Female,askep6a,Miboo,askep6a@artisteer.com,229-321-5125,0 Eagle Crest Road,5/12/2021,7/29/2020
228,Eli,Wapol,34,Genderfluid,ewapol6b,Browseblab,ewapol6b@tuttocitta.it,252-231-8212,7 Ridge Oak Parkway,6/3/2021,9/1/2020
229,Rosabelle,Khan,94,Genderfluid,rkhan6c,Tanoodle,rkhan6c@nba.com,815-929-1832,6 Upham Court,10/2/2020,1/25/2021
230,Georas,Siene,48,Bigender,gsiene6d,Cogidoo,gsiene6d@plala.or.jp,106-173-4961,52323 Sage Point,4/17/2021,4/7/2021
231,Jarib,Conaghy,37,Agender,jconaghy6e,Aimbu,jconaghy6e@examiner.com,745-307-4872,959 Brown Place,4/1/2021,11/4/2020
232,Cal,Schuricke,28,Male,cschuricke6f,Ozu,cschuricke6f@ebay.com,351-973-9531,63 Harbort Parkway,12/24/2020,7/18/2021
233,Skipp,Beggin,74,Non-binary,sbeggin6g,Dabjam,sbeggin6g@ox.ac.uk,587-969-7037,6226 Petterle Pass,10/11/2020,6/9/2021
234,Olia,Jumont,70,Non-binary,ojumont6h,Feedspan,ojumont6h@reverbnation.com,572-975-0366,664 Hanson Parkway,9/24/2020,7/14/2021
235,Kimberly,Fearnyhough,47,Bigender,kfearnyhough6i,Jamia,kfearnyhough6i@tumblr.com,805-186-5782,16 Armistice Terrace,8/24/2020,12/7/2020
236,Britni,Lerway,59,Male,blerway6j,Kare,blerway6j@soup.io,364-495-3259,45 Holy Cross Circle,7/5/2021,11/11/2020
237,Deb,Franies,85,Male,dfranies6k,Layo,dfranies6k@slideshare.net,223-122-2778,51 Grim Circle,1/8/2021,8/24/2020
238,Pattie,Saldler,67,Male,psaldler6l,Oyonder,psaldler6l@about.com,816-800-3032,724 Merrick Park,8/4/2020,9/30/2020
239,Oralla,Davley,69,Polygender,odavley6m,Jaxbean,odavley6m@adobe.com,311-212-5534,5579 Carberry Lane,2/3/2021,7/10/2021
240,Adelaide,Boughtflower,59,Bigender,aboughtflower6n,Dynazzy,aboughtflower6n@umn.edu,791-164-3872,19389 Thierer Avenue,4/12/2021,5/2/2021
241,Frayda,Densumbe,92,Non-binary,fdensumbe6o,Camido,fdensumbe6o@dot.gov,828-451-0662,36 Spenser Lane,4/29/2021,2/9/2021
242,Garth,Belverstone,30,Agender,gbelverstone6p,Plambee,gbelverstone6p@youtube.com,293-772-2474,71549 Sheridan Terrace,8/8/2020,2/26/2021
243,Emylee,Oldknowe,88,Genderfluid,eoldknowe6q,Rhyzio,eoldknowe6q@uiuc.edu,320-478-4997,67155 Stuart Place,7/5/2021,8/3/2020
244,Venita,Simononsky,49,Male,vsimononsky6r,Jamia,vsimononsky6r@china.com.cn,703-952-9692,8 Algoma Plaza,12/13/2020,9/21/2020
245,Cullin,Donn,74,Polygender,cdonn6s,Minyx,cdonn6s@yandex.ru,870-563-2136,4 Ilene Avenue,6/18/2021,4/24/2021
246,Shaine,Shurlock,31,Non-binary,sshurlock6t,Kamba,sshurlock6t@businessweek.com,916-858-7083,3838 Coleman Street,10/16/2020,1/25/2021
247,Keven,Gravett,53,Agender,kgravett6u,Skalith,kgravett6u@hao123.com,266-275-0174,715 Northfield Pass,1/13/2021,4/29/2021
248,Ludovico,Einchcombe,52,Agender,leinchcombe6v,Realblab,leinchcombe6v@acquirethisname.com,992-134-1647,233 Messerschmidt Alley,4/29/2021,10/12/2020
249,Welsh,Lambotin,36,Genderqueer,wlambotin6w,Flipopia,wlambotin6w@dyndns.org,426-983-4804,8131 Ludington Alley,12/7/2020,11/7/2020
250,Niko,Allatt,84,Male,nallatt6x,Avamm,nallatt6x@newsvine.com,838-989-7953,745 Karstens Drive,4/27/2021,5/21/2021
251,Karlik,Fabri,62,Non-binary,kfabri6y,Twitterworks,kfabri6y@nasa.gov,117-474-3320,573 Elmside Terrace,9/21/2020,9/28/2020
252,Lindsy,Mesant,84,Genderqueer,lmesant6z,Livepath,lmesant6z@oracle.com,207-576-5233,784 Almo Terrace,7/21/2020,11/8/2020
253,Constantine,Ellit,72,Male,cellit70,Ailane,cellit70@irs.gov,104-542-0721,5 Elgar Parkway,10/2/2020,8/9/2020
254,Rosy,Punyer,86,Non-binary,rpunyer71,Katz,rpunyer71@unc.edu,254-364-3824,94 Dawn Drive,9/27/2020,7/28/2020
255,Ada,Abeau,47,Genderqueer,aabeau72,Kare,aabeau72@google.com.hk,569-472-0381,28929 Dawn Plaza,5/9/2021,4/1/2021
256,Deerdre,Lorenzetto,49,Agender,dlorenzetto73,Blogpad,dlorenzetto73@blogger.com,895-327-9423,629 Bay Plaza,12/30/2020,11/21/2020
257,Grace,Casini,28,Agender,gcasini74,Tagfeed,gcasini74@tripadvisor.com,815-574-9065,70 Manufacturers Crossing,3/29/2021,2/6/2021
258,Cristiano,Atterbury,42,Genderqueer,catterbury75,Realblab,catterbury75@ihg.com,864-941-8455,4604 Carey Terrace,2/23/2021,1/19/2021
259,Arney,Knapton,42,Polygender,aknapton76,Npath,aknapton76@va.gov,336-702-8527,6 Meadow Valley Parkway,9/4/2020,8/30/2020
260,Shurlock,Golbourn,36,Agender,sgolbourn77,Kwideo,sgolbourn77@reference.com,820-371-1871,6914 3rd Parkway,9/5/2020,9/29/2020
261,Perla,Gouck,79,Agender,pgouck78,Riffwire,pgouck78@alibaba.com,290-987-9554,24113 Londonderry Hill,6/10/2021,9/10/2020
262,Christan,Brader,38,Polygender,cbrader79,Gabvine,cbrader79@live.com,953-590-5654,0 Sachtjen Crossing,2/19/2021,5/4/2021
263,Jody,Scragg,92,Male,jscragg7a,Quaxo,jscragg7a@typepad.com,237-489-8498,2 Grover Junction,10/17/2020,3/28/2021
264,Dael,Mateescu,73,Genderqueer,dmateescu7b,Bubblebox,dmateescu7b@telegraph.co.uk,864-494-1728,986 Banding Place,3/4/2021,8/22/2020
265,Fifine,Tilsley,41,Male,ftilsley7c,Zoomlounge,ftilsley7c@marketwatch.com,716-455-6681,9615 Portage Street,1/18/2021,10/12/2020
266,Lily,Meardon,56,Male,lmeardon7d,Blogtags,lmeardon7d@nsw.gov.au,859-868-5569,27838 Monterey Terrace,9/26/2020,9/19/2020
267,Janaye,Matfield,62,Bigender,jmatfield7e,Teklist,jmatfield7e@moonfruit.com,235-945-0546,2 Amoth Place,10/1/2020,8/22/2020
268,Sullivan,Scarth,33,Genderfluid,sscarth7f,Myworks,sscarth7f@pcworld.com,760-261-1725,9 Michigan Point,3/8/2021,7/28/2020
269,Wanids,Shatliff,70,Genderqueer,wshatliff7g,Skalith,wshatliff7g@jigsy.com,209-503-4124,04 Oakridge Terrace,7/8/2021,3/2/2021
270,Madeleine,Lembke,26,Agender,mlembke7h,Trupe,mlembke7h@blogs.com,154-889-9657,72 Northridge Crossing,2/28/2021,4/28/2021
271,Eugen,Burrow,48,Female,eburrow7i,Zooveo,eburrow7i@biblegateway.com,145-468-0742,844 Di Loreto Point,4/7/2021,6/3/2021
272,Priscilla,Powis,27,Genderqueer,ppowis7j,Realpoint,ppowis7j@amazon.com,885-789-7196,8800 Almo Lane,4/20/2021,6/18/2021
273,Lotti,Betchley,40,Genderfluid,lbetchley7k,Mymm,lbetchley7k@house.gov,961-512-5295,1004 Bunting Court,3/2/2021,8/13/2020
274,Janith,Safell,86,Female,jsafell7l,Leenti,jsafell7l@weather.com,303-730-1964,809 Killdeer Alley,10/19/2020,6/21/2021
275,Vidovic,Oldrey,86,Bigender,voldrey7m,Tagtune,voldrey7m@scientificamerican.com,273-812-5668,86970 Carberry Trail,10/9/2020,9/22/2020
276,Charo,Sargeant,38,Agender,csargeant7n,Babbleblab,csargeant7n@fc2.com,952-984-0812,132 Welch Lane,1/23/2021,5/25/2021
277,Rene,Camoys,73,Non-binary,rcamoys7o,Jaxspan,rcamoys7o@newyorker.com,410-752-1196,921 Fair Oaks Road,1/21/2021,5/7/2021
278,Merell,Reffe,73,Polygender,mreffe7p,Gigabox,mreffe7p@wix.com,187-548-8491,2 Clemons Plaza,11/1/2020,1/10/2021
279,Mildred,Starkey,34,Bigender,mstarkey7q,Twimm,mstarkey7q@instagram.com,292-563-2765,85060 Bartelt Road,8/25/2020,9/6/2020
280,Frances,Rushforth,73,Non-binary,frushforth7r,Plambee,frushforth7r@newyorker.com,596-339-0405,39769 Carberry Lane,1/6/2021,2/8/2021
281,Jed,Joicey,56,Bigender,jjoicey7s,Twitterlist,jjoicey7s@pinterest.com,850-591-7090,7 Valley Edge Park,11/10/2020,3/24/2021
282,Moina,Woodman,92,Agender,mwoodman7t,Omba,mwoodman7t@devhub.com,296-566-2091,18422 Lunder Point,7/21/2020,10/2/2020
283,Sigismund,Medgewick,67,Genderfluid,smedgewick7u,Dabfeed,smedgewick7u@google.com.br,939-733-0280,9 Northfield Court,3/11/2021,8/3/2020
284,Walsh,Trinbey,81,Male,wtrinbey7v,Kayveo,wtrinbey7v@chronoengine.com,268-291-3986,5608 Pleasure Street,4/24/2021,2/15/2021
285,Doralynn,Applewhite,83,Genderqueer,dapplewhite7w,Jabberstorm,dapplewhite7w@hatena.ne.jp,594-846-1686,62216 Brown Parkway,10/8/2020,9/2/2020
286,Tobit,Clericoates,69,Male,tclericoates7x,Minyx,tclericoates7x@indiatimes.com,759-450-8185,0058 Pepper Wood Pass,1/1/2021,5/20/2021
287,Corena,Woolnough,82,Agender,cwoolnough7y,Tavu,cwoolnough7y@mail.ru,437-252-7521,59 Corry Street,10/16/2020,4/24/2021
288,Dionis,Gallamore,73,Bigender,dgallamore7z,Kwideo,dgallamore7z@kickstarter.com,300-855-7011,50 Bunting Junction,11/7/2020,7/14/2021
289,Gwyn,Seally,60,Male,gseally80,Voomm,gseally80@imgur.com,762-385-8702,0 Basil Way,3/4/2021,11/17/2020
290,Teddie,Fidgin,35,Bigender,tfidgin81,Camimbo,tfidgin81@whitehouse.gov,645-970-4266,1766 Stoughton Street,4/10/2021,10/19/2020
291,Gare,Lummis,71,Female,glummis82,Zoomdog,glummis82@washington.edu,896-559-4787,7 7th Junction,3/14/2021,10/31/2020
292,Rossie,Vasse,93,Agender,rvasse83,Babbleblab,rvasse83@nydailynews.com,164-810-5372,94202 Nancy Hill,3/12/2021,7/22/2020
293,Susan,Akker,47,Agender,sakker84,Zoomlounge,sakker84@nature.com,694-588-1902,0 Burrows Junction,7/6/2021,11/16/2020
294,Sam,Fominov,30,Male,sfominov85,Quinu,sfominov85@ezinearticles.com,999-920-5043,34 Luster Crossing,9/14/2020,3/9/2021
295,Garwood,Fossett,28,Bigender,gfossett86,Blogtag,gfossett86@google.fr,417-778-8582,13 Northfield Circle,11/19/2020,5/10/2021
296,Rancell,Sterman,83,Female,rsterman87,Tambee,rsterman87@eventbrite.com,542-590-7083,8 Mitchell Plaza,6/15/2021,2/14/2021
297,Brandtr,Trask,66,Bigender,btrask88,Topicstorm,btrask88@house.gov,885-647-5848,21542 Southridge Terrace,5/29/2021,4/3/2021
298,Iago,Glowacki,91,Non-binary,iglowacki89,Buzzbean,iglowacki89@wordpress.org,951-911-8552,22 Manufacturers Trail,6/1/2021,9/16/2020
299,Rufus,Ubanks,87,Female,rubanks8a,Jaxbean,rubanks8a@privacy.gov.au,600-649-6782,9 Division Alley,10/25/2020,5/10/2021
300,Donnell,Volkes,90,Non-binary,dvolkes8b,Realbuzz,dvolkes8b@soup.io,849-378-7338,8 Parkside Drive,12/27/2020,7/5/2021
